Name,Type,Size,Modified
_АВТОРЕФЕРАТ.odt,file,267909,2009-02-19 15:21:32
ПЗ.pdf,file,1587918,2009-03-16 19:21:12
мои статьи,folder,0,2026-01-04 10:50:32
мои статьи/Вахменин Д.В. ИС АВТ упр.doc,file,739840,2007-01-24 22:43:30
мои статьи/Перевод.doc,file,460800,2006-04-02 16:56:36
текст.zip,file,1302637,2026-01-04 10:51:33
текст.zip/Cхемы.odg,file,225193,2026-01-04 19:56:21
текст.zip/мои статьи,folder,0,2026-01-04 19:56:21
текст.zip/мои статьи/Вахменин Д.В. СЦП.doc,file,268800,2026-01-04 19:56:21
текст.zip/мои статьи/ИСУ.odt,file,670344,2026-01-04 19:56:21
текст.zip/презентация.ppt,file,137728,2026-01-04 19:56:21
